iteration,timestamp,mutation_type,mutation_description,rule_count_before,rule_count_after,rule_delta,score_before,score_after,score_delta,throughput_gbps,latency_ms,tokens_used,llm_latency_ms,verification_passed,verification_time_ms,status,error_message
1,2026-03-19T21:01:07.296724,move_before,Move DNS egress rule 19 near other DNS rules (3-4) since DNS is typically the highest-frequency traffic pattern in Kubernetes clusters,25,25,0,25.0,114.4,89.4,0.0,0.0,0,22603.23715209961,True,37.18090057373047,keep,
2,2026-03-19T21:01:48.547700,move_before,"Move DNS UDP egress rule 3 before rule 1 — DNS lookups are the most frequent traffic in Kubernetes (every pod resolves names), so this broad production[all] rule should be evaluated as early as possible",25,25,0,114.4,114.4,0.0,0.0,0.0,0,41219.06614303589,True,31.316041946411133,reject,
3,2026-03-19T21:02:38.963641,move_before,Move DNS UDP rule (production->kube-system) to position 1 for high-traffic DNS fast-path,25,25,0,114.4,114.4,0.0,0.0,0.0,0,50385.63394546509,True,29.759883880615234,reject,
4,2026-03-19T21:03:22.562556,move_before,Move high-frequency Prometheus scrape rule earlier in chain before less-frequent gateway ingress rules,25,25,0,114.4,114.4,0.0,0.0,0.0,0,43563.61699104309,True,34.648895263671875,reject,
5,2026-03-19T21:04:02.474100,move_before,Move high-traffic frontend-to-backend rule 24 earlier before staging rules,25,25,0,114.4,114.4,0.0,0.0,0.0,0,39879.897117614746,True,31.11124038696289,reject,
6,2026-03-19T21:04:34.938452,move_before,Move high-frequency production DNS UDP rule earlier to position 0 for maximum packet evaluation savings,25,25,0,114.4,114.4,0.0,0.0,0.0,0,32431.60605430603,True,32.02509880065918,reject,
8,2026-03-19T21:06:23.808274,swap,Swap rules 1 and 3 to move high-frequency DNS rule earlier,25,25,0,114.4,114.4,0.0,0.0,0.0,0,37247.933864593506,True,30.858993530273438,reject,
9,2026-03-19T21:06:49.810716,move_before,"Move rule 24 (frontend-to-backend on 8080, core production traffic path) before rule 6 to reduce average chain traversal for high-frequency production packets",25,25,0,114.4,114.4,0.0,0.0,0.0,0,25970.407009124756,True,31.508922576904297,reject,
10,2026-03-19T21:07:22.170606,move_before,Move high-traffic frontend-ingress-from-gateway rule 6 before rule 1 to prioritize gateway-to-frontend web traffic which is typically the highest volume ingress path,25,25,0,114.4,114.4,0.0,0.0,0.0,0,32325.49285888672,True,33.79392623901367,reject,
